"ID","Text","Language","Type","Author Name","Author Username","View Count","Reply Count","Retweet Count","Quote Count","Favorite Count","Bookmark Count","Created At","Tweet URL","Source","hashtags","urls","media_type","media_urls"
"2037210518671302676","$AGQ vs $KORU

They said it was a fools errand to compare the parabolic Silver move to the move in Korea, yet the charts continue to look identical in structure https://t.co/uaGXC6j1HM","en","Tweet","Bracco ⚡️","Braczyy","11847","9","7","1","87","16","2026-03-26 16:50:11","https://x.com/Braczyy/status/2037210518671302676","<a href=""https://mobile.twitter.com"" rel=""nofollow"">Twitter Web App</a>","","","photo","https://pbs.twimg.com/media/HEWf4QhXwAAAl_u.jpg"
"2029622133710586259","Blow off top indeed. $EWY down nearly -20% in one week on the highest volume ever. The parabolic melt-up in the Kospi is such a clean example of reflexivity in real time. Several months ago the Samsung / Hynix ""memory"" thesis was disused by a relatively small number of people. As the move really began to accelerate and the tape ""proved"" the story, word started to spread, leverage poured in, and the price action itself became a fundamental. That vicious feedback loop began to feed on itself at the start of the year. Then near the peak of the move you see record extension levels, range expansion, record dollar volume, and retail pouring into leveraged products like $KORU (3x ETF). SK Hynix hit the 1,000,000 level, Samsung 1 trillion market cap level, etc. This is the ""major hype"" stage, when everyone can recite the same bullish narrative in my comments when I simply provide a contrarian thesis. Then all of the sudden, the unwind hits. Just as everyone thinks they know the trade, nobody actually does. Study market history enough and you'll find that capitulation and major turning points typically occur long before any signifigant shift in the fundamentals.","en","Quoted","Bracco ⚡️","Braczyy","43418","16","10","2","167","46","2026-03-05 18:16:39","https://x.com/Braczyy/status/2029622133710586259","<a href=""https://mobile.twitter.com"" rel=""nofollow"">Twitter Web App</a>","","","photo","https://pbs.twimg.com/media/HCqnZTGXYAA07Lh.jpg"
"2035802245959156159","Sunday scans is live! Includes my detailed write-up on the potential trade opportunities in the market this upcoming week. 

Enjoy.

https://t.co/RGaP6vRLv9","en","Tweet","Bracco ⚡️","Braczyy","12124","5","5","2","53","14","2026-03-22 19:34:13","https://x.com/Braczyy/status/2035802245959156159","<a href=""https://mobile.twitter.com"" rel=""nofollow"">Twitter Web App</a>","","https://unchartedterritoryy.substack.com/p/sunday-scans-cab?r=4a386b&utm_campaign=post&utm_medium=web&triedRedirect=true","",""
"2035073939798421872","Feels like market setting up for a similar upside reversal trade to January 24th, 2022. First leg down out of a  multi-month topping pattern. Flushed through 200-day moving average with consecutive down days. Big panic gap down the following Monday and undercut the previous lows. Nearing April 2025 low AVWAPs on $SPY $QQQ","en","Tweet","Bracco ⚡️","Braczyy","35732","19","21","5","274","97","2026-03-20 19:20:11","https://x.com/Braczyy/status/2035073939798421872","<a href=""https://mobile.twitter.com"" rel=""nofollow"">Twitter Web App</a>","","","photo","https://pbs.twimg.com/media/HD4IWXnboAMeXmM.jpg"
"2034263274057859148","$GLD - With the breakdown this morning, gold is continuing to follow the 1980 precedent almost perfectly... https://t.co/3lQ64OmtEc","en","Tweet","Bracco ⚡️","Braczyy","43596","20","22","1","150","75","2026-03-18 13:38:53","https://x.com/Braczyy/status/2034263274057859148","<a href=""https://mobile.twitter.com"" rel=""nofollow"">Twitter Web App</a>","","","photo","https://pbs.twimg.com/media/HDsnhafXQAAIslG.jpg"
"2025606885869514784","Gold 1980 blow off precedent vs today. Nearly identical on the way up and now on the way down. Feels like a big inflection point here $GLD

1979-81 Gold move is a phenomenal historical model book study of a boom a bust. $MSTR recently followed the exact same path off its November 2024 peak.","en","Quoted","Bracco ⚡️","Braczyy","97866","34","29","8","292","132","2026-02-22 16:21:30","https://x.com/Braczyy/status/2025606885869514784","<a href=""https://mobile.twitter.com"" rel=""nofollow"">Twitter Web App</a>","","","photo","https://pbs.twimg.com/media/HBxmKgQWkAA9_E7.jpg"
"2032187963421896712","I have tremendous respect and appreciation for the team at @Deepvue and @TraderLion. 

The resources they provide are second to none. They have shaped the approach of many traders in the market today. 

Uncharted Territory Members will now be able to access 1 month of Deepvue for free. 

We aim to provide value through mentorship, coaching, and learning together. 

Deepvue specifically is a platform that is at the cutting edge of tools for traders integrated in one platform. At the center of all this is the education resources the whole team provides. I am truly grateful for each of you @AmeetRai @NickSchmidt @RichardMoglen @RossHaber. Thank you for all you do and the platform you have built. 

I see everyone wants to create a dashboard now. Deepvue made the Theme tracker a thing. Deepvue will undoubtedly continue to be at the cutting edge of innovation for trader tools to seamlessly navigate the noisy market. Not just a charting platform but an innovative resource to help make your trading routine more efficient. 

I look forward to the tools they will roll out in the future!

Access https://t.co/H8Ie0oTBTi 

Access https://t.co/SJsomKoFXy to claim your FREE 1 month of Deepvue + Live trading with team.

@Braczyy, Myself, @1ChartMaster, @manrav, @AlexJonesIA, @JersaceX and a community of skilled traders who want to help navigate the market. 

Excited for the future!","en","Retweet","TSDR Trading","TSDR_Trading","34138","10","13","9","89","15","2026-03-12 20:12:21","https://x.com/TSDR_Trading/status/2032187963421896712","<a href=""https://mobile.twitter.com"" rel=""nofollow"">Twitter Web App</a>","","","photo","https://pbs.twimg.com/media/HDPHiNmbQAIaGAa.jpg"
"2031114743730069903","$USO - Completely fumbled the short oil trade. Was at the desk preparing all day yesterday for what seemed like one of the most obvious short setups of the year so far. Went to bed just before the G7 news last night and missed the first and easiest leg down off the highs at 1am. Due to some mental tilt in the morning I decided to sit out and observe before making any stupid decisions. Hope my write up and thesis on Sunday Scans yesterday helped add conviction for anyone that was looking to trade it. -32% off highs in one session is no joke. Live and learn. Onto the next","en","Tweet","Bracco ⚡️","Braczyy","19506","19","5","1","163","11","2026-03-09 21:07:45","https://x.com/Braczyy/status/2031114743730069903","<a href=""http://twitter.com/download/iphone"" rel=""nofollow"">Twitter for iPhone</a>","","","",""
"2030711228964724800","Geopolitical tensions are rising, crude oil futures just had their largest weekly gain in history, indices are finally breaking down out of their ranges, VIX is at 30, and sentiment has reached a crescendo.

I'd be lying if I said I wasn't excited for the week ahead. Very prepared and focused. Feels like some signifigant trade opportunities on the horizon. 

My big advantage right now is that I am comfortably in cash and keeping any opinions loosely held. This allows me to stay even-keeled and operate efficiently within the chaos. 

People on here get way too attached to narratives and opinions during times like these. Happens every single time. Everyone cares more to say “I told you so” vs actually performing. The irony is that nobody really knows shit.

As Soros says:

“It’s not whether you’re right or wrong that’s important, but how much money you make when you’re right and how much you lose when you’re wrong.”","en","Origin","Bracco ⚡️","Braczyy","22296","21","12","1","203","25","2026-03-08 18:24:20","https://x.com/Braczyy/status/2030711228964724800","<a href=""https://mobile.twitter.com"" rel=""nofollow"">Twitter Web App</a>","","","",""
"2031096507781300393","Fireworks to start the week. Close enough… $USO https://t.co/oprgwcemUY","en","Reply","Bracco ⚡️","Braczyy","4217","2","2","0","18","2","2026-03-09 19:55:18","https://x.com/Braczyy/status/2031096507781300393","<a href=""http://twitter.com/download/iphone"" rel=""nofollow"">Twitter for iPhone</a>","","","photo","https://pbs.twimg.com/media/HC_nglbXIAAsFyk.jpg"
"2030711228964724800","Geopolitical tensions are rising, crude oil futures just had their largest weekly gain in history, indices are finally breaking down out of their ranges, VIX is at 30, and sentiment has reached a crescendo.

I'd be lying if I said I wasn't excited for the week ahead. Very prepared and focused. Feels like some signifigant trade opportunities on the horizon. 

My big advantage right now is that I am comfortably in cash and keeping any opinions loosely held. This allows me to stay even-keeled and operate efficiently within the chaos. 

People on here get way too attached to narratives and opinions during times like these. Happens every single time. Everyone cares more to say “I told you so” vs actually performing. The irony is that nobody really knows shit.

As Soros says:

“It’s not whether you’re right or wrong that’s important, but how much money you make when you’re right and how much you lose when you’re wrong.”","en","Retweet","Bracco ⚡️","Braczyy","22296","21","12","1","203","25","2026-03-08 18:24:20","https://x.com/Braczyy/status/2030711228964724800","<a href=""https://mobile.twitter.com"" rel=""nofollow"">Twitter Web App</a>","","","",""
"2030739818758492412","SUNDAY SCANS is out now. 

A lot to chew on here but it will get you ready for the market we are about to face this week!

Enjoy and everyone comment your thoughts and insights for next week!

https://t.co/8Mp02FcZCO https://t.co/zCPDzxLIk7","en","Retweet","TSDR Trading","TSDR_Trading","6042","0","6","0","25","7","2026-03-08 20:17:56","https://x.com/TSDR_Trading/status/2030739818758492412","<a href=""https://mobile.twitter.com"" rel=""nofollow"">Twitter Web App</a>","","https://open.substack.com/pub/unchartedterritoryy/p/sunday-scans-dcf?r=4a386b&utm_campaign=post&utm_medium=web&showWelcomeOnShare=true","photo","https://pbs.twimg.com/media/HC6iPz8XYAEHmpq.jpg"
"2029944140071346310","$OVX (Crude Oil Volatility Index) is nearing its second highest print in its 20-year history, with the highest print being March of 2020, when oil went negative. This is currently its highest level ever for an upside move in crude futures... Second highest weekly volume ever on $USO","en","Tweet","Bracco ⚡️","Braczyy","7485","8","9","1","63","12","2026-03-06 15:36:12","https://x.com/Braczyy/status/2029944140071346310","<a href=""https://mobile.twitter.com"" rel=""nofollow"">Twitter Web App</a>","","","photo","https://pbs.twimg.com/media/HCvOhoaXEAApttB.jpg"
"2029927187051090241","$CL_F $USO

“We have tested every system under the sun and, amazingly, we have found one that actually works very well. It is a very good system... The basic premise of the system is that markets move sharply when they move. If there is a sudden range expansion in a market that has been trading narrowly, human nature is to try and fade that price move. When you get a range expansion, the market is sending you a very loud, clear signal that the market is getting ready to move in the direction of that expansion.”

-Paul Tudor Jones, Market Wizards","en","Tweet","Bracco ⚡️","Braczyy","9089","6","12","0","102","41","2026-03-06 14:28:50","https://x.com/Braczyy/status/2029927187051090241","<a href=""http://twitter.com/download/iphone"" rel=""nofollow"">Twitter for iPhone</a>","","","",""
"2029622133710586259","Blow off top indeed. $EWY down nearly -20% in one week on the highest volume ever. The parabolic melt-up in the Kospi is such a clean example of reflexivity in real time. Several months ago the Samsung / Hynix ""memory"" thesis was disused by a relatively small number of people. As the move really began to accelerate and the tape ""proved"" the story, word started to spread, leverage poured in, and the price action itself became a fundamental. That vicious feedback loop began to feed on itself at the start of the year. Then near the peak of the move you see record extension levels, range expansion, record dollar volume, and retail pouring into leveraged products like $KORU (3x ETF). SK Hynix hit the 1,000,000 level, Samsung 1 trillion market cap level, etc. This is the ""major hype"" stage, when everyone can recite the same bullish narrative in my comments when I simply provide a contrarian thesis. Then all of the sudden, the unwind hits. Just as everyone thinks they know the trade, nobody actually does. Study market history enough and you'll find that capitulation and major turning points typically occur long before any signifigant shift in the fundamentals.","en","Tweet","Bracco ⚡️","Braczyy","43418","16","10","2","167","46","2026-03-05 18:16:39","https://x.com/Braczyy/status/2029622133710586259","<a href=""https://mobile.twitter.com"" rel=""nofollow"">Twitter Web App</a>","","","photo","https://pbs.twimg.com/media/HCqnZTGXYAA07Lh.jpg"
"2025627212012023917","Blow off top potential in South Korea?

While US stocks and indices have been chopping around for most of the year, the South Korean markets have been going parabolic. The KOSPI index is up 8 out of the last 9 weeks in vertical fashion thanks to A.I chip/memory euphoria.

The two big dogs SK Hynix & Samsung Electronics have a combined weighting of nearly 40% in the KOSPI composite... 

After last years move in quantum stocks and specific US single-stock ETF's, we saw just how much South Korean speculators love leverage... 

$KORU, the South Korea 3x bull ETF is up nearly 2,000% since the April 2025 lows. It traded its highest volume of the run on Friday, closing up over 15% and breaching the $500 century mark. 

Not sure how this plays out or if any opportunities arise, but all the ingredients are there for a spectacular parabolic blow off.","en","Quoted","Bracco ⚡️","Braczyy","147747","20","17","6","219","81","2026-02-22 17:42:16","https://x.com/Braczyy/status/2025627212012023917","<a href=""https://mobile.twitter.com"" rel=""nofollow"">Twitter Web App</a>","","","photo","https://pbs.twimg.com/media/HBx4HMQWoAA7gd8.jpg
https://pbs.twimg.com/media/HBx4LWUXEAAFjEC.jpg
https://pbs.twimg.com/media/HBx4PRyWQAAPID6.jpg
https://pbs.twimg.com/media/HBx4p1gXsAAFxlB.jpg"
"2029217749860331620","$EWY 12% off overnight lows 🎯","en","Tweet","Bracco ⚡️","Braczyy","7481","3","1","0","30","4","2026-03-04 15:29:47","https://x.com/Braczyy/status/2029217749860331620","<a href=""http://twitter.com/download/iphone"" rel=""nofollow"">Twitter for iPhone</a>","","","",""
"2029030333572587758","KOSPI accelerating lower. Cascading range expansion to the downside on the lower timeframes. I imagine a puke straight into $5,000 would provide a strong mean reversion opportunity to the long side. That is also the rising 50-day moving average. Not sure we get it, but am watching close.","en","Quoted","Bracco ⚡️","Braczyy","102938","10","12","6","103","15","2026-03-04 03:05:03","https://x.com/Braczyy/status/2029030333572587758","<a href=""https://mobile.twitter.com"" rel=""nofollow"">Twitter Web App</a>","","","photo","https://pbs.twimg.com/media/HCiQK1ZWYAEUGAS.jpg"
"2029047337960493308","KOSPI 7% move off the lows in 40 mins. $5059 lows of the session. Traded $EWY ovn and Kospi futures. Incredible volatility.","en","Tweet","Bracco ⚡️","Braczyy","10610","4","3","0","55","4","2026-03-04 04:12:37","https://x.com/Braczyy/status/2029047337960493308","<a href=""https://mobile.twitter.com"" rel=""nofollow"">Twitter Web App</a>","","","",""
"2029030333572587758","KOSPI accelerating lower. Cascading range expansion to the downside on the lower timeframes. I imagine a puke straight into $5,000 would provide a strong mean reversion opportunity to the long side. That is also the rising 50-day moving average. Not sure we get it, but am watching close.","en","Quoted","Bracco ⚡️","Braczyy","102938","10","12","6","103","15","2026-03-04 03:05:03","https://x.com/Braczyy/status/2029030333572587758","<a href=""https://mobile.twitter.com"" rel=""nofollow"">Twitter Web App</a>","","","photo","https://pbs.twimg.com/media/HCiQK1ZWYAEUGAS.jpg"
"2029030333572587758","KOSPI accelerating lower. Cascading range expansion to the downside on the lower timeframes. I imagine a puke straight into $5,000 would provide a strong mean reversion opportunity to the long side. That is also the rising 50-day moving average. Not sure we get it, but am watching close.","en","Tweet","Bracco ⚡️","Braczyy","102938","10","12","6","103","15","2026-03-04 03:05:03","https://x.com/Braczyy/status/2029030333572587758","<a href=""https://mobile.twitter.com"" rel=""nofollow"">Twitter Web App</a>","","","photo","https://pbs.twimg.com/media/HCiQK1ZWYAEUGAS.jpg"
"2029020122816381390","*CIRCUIT BREAKER TRIGGERED AFTER S. KOREA'S KOSDAQ PLUNGES 8% https://t.co/G1PMILK3Gp","en","Quoted","Bracco ⚡️","Braczyy","57430","15","30","4","149","13","2026-03-04 02:24:29","https://x.com/Braczyy/status/2029020122816381390","<a href=""https://mobile.twitter.com"" rel=""nofollow"">Twitter Web App</a>","","","photo","https://pbs.twimg.com/media/HCiG7V9WYAAX7Vv.jpg"
"2029020122816381390","*CIRCUIT BREAKER TRIGGERED AFTER S. KOREA'S KOSDAQ PLUNGES 8% https://t.co/G1PMILK3Gp","en","Tweet","Bracco ⚡️","Braczyy","57430","15","30","4","149","13","2026-03-04 02:24:29","https://x.com/Braczyy/status/2029020122816381390","<a href=""https://mobile.twitter.com"" rel=""nofollow"">Twitter Web App</a>","","","photo","https://pbs.twimg.com/media/HCiG7V9WYAAX7Vv.jpg"
"2025627212012023917","Blow off top potential in South Korea?

While US stocks and indices have been chopping around for most of the year, the South Korean markets have been going parabolic. The KOSPI index is up 8 out of the last 9 weeks in vertical fashion thanks to A.I chip/memory euphoria.

The two big dogs SK Hynix & Samsung Electronics have a combined weighting of nearly 40% in the KOSPI composite... 

After last years move in quantum stocks and specific US single-stock ETF's, we saw just how much South Korean speculators love leverage... 

$KORU, the South Korea 3x bull ETF is up nearly 2,000% since the April 2025 lows. It traded its highest volume of the run on Friday, closing up over 15% and breaching the $500 century mark. 

Not sure how this plays out or if any opportunities arise, but all the ingredients are there for a spectacular parabolic blow off.","en","Quoted","Bracco ⚡️","Braczyy","147747","20","17","6","219","81","2026-02-22 17:42:16","https://x.com/Braczyy/status/2025627212012023917","<a href=""https://mobile.twitter.com"" rel=""nofollow"">Twitter Web App</a>","","","photo","https://pbs.twimg.com/media/HBx4HMQWoAA7gd8.jpg
https://pbs.twimg.com/media/HBx4LWUXEAAFjEC.jpg
https://pbs.twimg.com/media/HBx4PRyWQAAPID6.jpg
https://pbs.twimg.com/media/HBx4p1gXsAAFxlB.jpg"
"2028794621518586181","Got blasted on here for suggesting a potential blow off move coming in South Korean markets and even more so for comparing the move in South Korea to the move in Silver earlier this year

$KOSPI went limit down last night and $KORU (3x Leveraged SK ETF) gapping down -35% overnight

Nearly -50% off highs in 3 days...

Put those charts side by side and go study","en","Tweet","Bracco ⚡️","Braczyy","43219","33","23","3","299","74","2026-03-03 11:28:25","https://x.com/Braczyy/status/2028794621518586181","<a href=""https://mobile.twitter.com"" rel=""nofollow"">Twitter Web App</a>","","","photo","https://pbs.twimg.com/media/HCe5YhzXgAAnwzP.jpg"
"2026664928858284252","$AGQ vs $KORU

Kind of crazy to see how this run in South Korean ETF's is almost perfectly resembling the Silver move in October - January.

First the textbook VCP base, then the wide consolidation into the final acceleration phase. Specifically the leveraged ETF's $AGQ (Silver) $KORU (South Korea)

Keeping closes eyes here, feels like this could really go full parabolic mode on a better than expected $NVDA post-ER reaction","en","Quoted","Bracco ⚡️","Braczyy","65457","12","12","2","114","44","2026-02-25 14:25:47","https://x.com/Braczyy/status/2026664928858284252","<a href=""https://mobile.twitter.com"" rel=""nofollow"">Twitter Web App</a>","","","photo","https://pbs.twimg.com/media/HCAoVELXwAAOJb_.jpg"
"2028226563842494887","“It is important to not have a strong opinion about the actually news, but to view it as a catalyst and trust whatever the price action is telling you. Where the market is in its cycle will determine how the trade hits the tape” - @OliverKell_","en","Tweet","Bracco ⚡️","Braczyy","9969","2","3","0","118","21","2026-03-01 21:51:10","https://x.com/Braczyy/status/2028226563842494887","<a href=""http://twitter.com/download/iphone"" rel=""nofollow"">Twitter for iPhone</a>","","","",""
"2028192481527865846","Sunday Scans!!!

Includes my February performance review video.","en","Tweet","Bracco ⚡️","Braczyy","9267","2","0","0","30","6","2026-03-01 19:35:44","https://x.com/Braczyy/status/2028192481527865846","<a href=""https://mobile.twitter.com"" rel=""nofollow"">Twitter Web App</a>","","","",""
"2028191143943348514","-Intro/Thoughts/Lesson

-Giveaway 1 Free Year to the Discord
-Schedule of economic data and earnings

-Market Breadth Data & Internals
-Index and ETF Analysis

-Bracco’s Breakdown and Top Ideas + Month End Review

-TSDR Weekly Outlook and Watchlist

-Broader Watchlist to Scan & Monitor

https://t.co/3VeZ2ITu4K","en","Quoted","TSDR Trading","TSDR_Trading","12169","0","4","1","18","3","2026-03-01 19:30:25","https://x.com/TSDR_Trading/status/2028191143943348514","<a href=""http://twitter.com/download/iphone"" rel=""nofollow"">Twitter for iPhone</a>","","","photo","https://pbs.twimg.com/media/HCWVGMBXEAAqzR_.jpg"
"2027428634693100011","Ameet Rai Interview is LIVE for all to watch! @AmeetRai 

Co-Founder of @TraderLion &amp; @Deepvue 

This one is a Masterclass where he highlights his definitive edges in the market and more importantly when and where to apply them. 

Check it out!

https://t.co/8YVJjG0fV7","en","Retweet","TSDR Trading","TSDR_Trading","21647","7","13","0","91","61","2026-02-27 17:00:28","https://x.com/TSDR_Trading/status/2027428634693100011","<a href=""https://mobile.twitter.com"" rel=""nofollow"">Twitter Web App</a>","","https://youtu.be/7q-JTjrKOEI","",""
"2027154856025219440","$SNDK $MU feel like decision time soon. Massive volume in $EWY $KORU today. All eyes on Kospi tonight","en","Tweet","Bracco ⚡️","Braczyy","18698","10","6","0","99","24","2026-02-26 22:52:35","https://x.com/Braczyy/status/2027154856025219440","<a href=""https://mobile.twitter.com"" rel=""nofollow"">Twitter Web App</a>","","","",""
"2027043080335970714","Near 100 point fade on $KORU. Short aggressively from opening range lows. South Korea unwinding with the semis this morning. Little obvious in hindsight with everyone piling into low IV OTM calls last few days and new fundamental experts on Samsung / SK Hynix. 

Could just be a mean reversion within a larger macro trend, but nonetheless 5-star intraday opp today and same exact playbook as $AGQ in January as mentioned. 

Onto the next.","en","Quoted","Bracco ⚡️","Braczyy","43549","14","12","2","138","31","2026-02-26 15:28:25","https://x.com/Braczyy/status/2027043080335970714","<a href=""https://mobile.twitter.com"" rel=""nofollow"">Twitter Web App</a>","","","photo","https://pbs.twimg.com/media/HCGAJULW8AEOfeZ.jpg"
"2027043080335970714","Near 100 point fade on $KORU. Short aggressively from opening range lows. South Korea unwinding with the semis this morning. Little obvious in hindsight with everyone piling into low IV OTM calls last few days and new fundamental experts on Samsung / SK Hynix. 

Could just be a mean reversion within a larger macro trend, but nonetheless 5-star intraday opp today and same exact playbook as $AGQ in January as mentioned. 

Onto the next.","en","Origin","Bracco ⚡️","Braczyy","43549","14","12","2","138","31","2026-02-26 15:28:25","https://x.com/Braczyy/status/2027043080335970714","<a href=""https://mobile.twitter.com"" rel=""nofollow"">Twitter Web App</a>","","","photo","https://pbs.twimg.com/media/HCGAJULW8AEOfeZ.jpg"
"2027051684677992841","$KORU intraday action almost identical to $UGL (Gold) on the blow off day 1/29. If get a follow through bounce into close probably look to add back half of what I sold and then press more on a gap down tomorrow, assuming follows previous precedents https://t.co/ihuFOJLnMh","en","Reply","Bracco ⚡️","Braczyy","3834","3","2","0","20","10","2026-02-26 16:02:37","https://x.com/Braczyy/status/2027051684677992841","<a href=""https://mobile.twitter.com"" rel=""nofollow"">Twitter Web App</a>","","","photo","https://pbs.twimg.com/media/HCGItFBaIAANxfQ.jpg"
"2026831606636269715","Samsung (005930) up 9 out of the last 10 weeks and on pace for its largest weekly gain of the entire run. 130% above the 200-day moving average and up 9 days in a row. All while the Kospi 200 futures putting in a weekly parabolic burst into the $1,000 level.","en","Tweet","Bracco ⚡️","Braczyy","17496","9","6","0","101","24","2026-02-26 01:28:06","https://x.com/Braczyy/status/2026831606636269715","<a href=""https://mobile.twitter.com"" rel=""nofollow"">Twitter Web App</a>","","","photo","https://pbs.twimg.com/media/HCC_0z8WYAApfHI.jpg
https://pbs.twimg.com/media/HCDAUHOX0AAE3QE.jpg"
"2025627212012023917","Blow off top potential in South Korea?

While US stocks and indices have been chopping around for most of the year, the South Korean markets have been going parabolic. The KOSPI index is up 8 out of the last 9 weeks in vertical fashion thanks to A.I chip/memory euphoria.

The two big dogs SK Hynix & Samsung Electronics have a combined weighting of nearly 40% in the KOSPI composite... 

After last years move in quantum stocks and specific US single-stock ETF's, we saw just how much South Korean speculators love leverage... 

$KORU, the South Korea 3x bull ETF is up nearly 2,000% since the April 2025 lows. It traded its highest volume of the run on Friday, closing up over 15% and breaching the $500 century mark. 

Not sure how this plays out or if any opportunities arise, but all the ingredients are there for a spectacular parabolic blow off.","en","Quoted","Bracco ⚡️","Braczyy","147753","20","17","6","219","81","2026-02-22 17:42:16","https://x.com/Braczyy/status/2025627212012023917","<a href=""https://mobile.twitter.com"" rel=""nofollow"">Twitter Web App</a>","","","photo","https://pbs.twimg.com/media/HBx4HMQWoAA7gd8.jpg
https://pbs.twimg.com/media/HBx4LWUXEAAFjEC.jpg
https://pbs.twimg.com/media/HBx4PRyWQAAPID6.jpg
https://pbs.twimg.com/media/HBx4p1gXsAAFxlB.jpg"
"2026664928858284252","$AGQ vs $KORU

Kind of crazy to see how this run in South Korean ETF's is almost perfectly resembling the Silver move in October - January.

First the textbook VCP base, then the wide consolidation into the final acceleration phase. Specifically the leveraged ETF's $AGQ (Silver) $KORU (South Korea)

Keeping closes eyes here, feels like this could really go full parabolic mode on a better than expected $NVDA post-ER reaction","en","Tweet","Bracco ⚡️","Braczyy","65457","12","12","2","114","44","2026-02-25 14:25:47","https://x.com/Braczyy/status/2026664928858284252","<a href=""https://mobile.twitter.com"" rel=""nofollow"">Twitter Web App</a>","","","photo","https://pbs.twimg.com/media/HCAoVELXwAAOJb_.jpg"
"2025627212012023917","Blow off top potential in South Korea?

While US stocks and indices have been chopping around for most of the year, the South Korean markets have been going parabolic. The KOSPI index is up 8 out of the last 9 weeks in vertical fashion thanks to A.I chip/memory euphoria.

The two big dogs SK Hynix & Samsung Electronics have a combined weighting of nearly 40% in the KOSPI composite... 

After last years move in quantum stocks and specific US single-stock ETF's, we saw just how much South Korean speculators love leverage... 

$KORU, the South Korea 3x bull ETF is up nearly 2,000% since the April 2025 lows. It traded its highest volume of the run on Friday, closing up over 15% and breaching the $500 century mark. 

Not sure how this plays out or if any opportunities arise, but all the ingredients are there for a spectacular parabolic blow off.","en","Quoted","Bracco ⚡️","Braczyy","147753","20","17","6","219","81","2026-02-22 17:42:16","https://x.com/Braczyy/status/2025627212012023917","<a href=""https://mobile.twitter.com"" rel=""nofollow"">Twitter Web App</a>","","","photo","https://pbs.twimg.com/media/HBx4HMQWoAA7gd8.jpg
https://pbs.twimg.com/media/HBx4LWUXEAAFjEC.jpg
https://pbs.twimg.com/media/HBx4PRyWQAAPID6.jpg
https://pbs.twimg.com/media/HBx4p1gXsAAFxlB.jpg"
"2026474193856950411","The Rest of the Week post is out for all who wish to prepare with some quality ideas from the Uncharted Territory Crew!

Enjoy https://t.co/YMYYcYrU6u","en","Retweet","TSDR Trading","TSDR_Trading","5751","4","2","0","21","1","2026-02-25 01:47:52","https://x.com/TSDR_Trading/status/2026474193856950411","<a href=""https://mobile.twitter.com"" rel=""nofollow"">Twitter Web App</a>","","","photo","https://pbs.twimg.com/media/HB97OadWUAAaOf8.png"
"2026021137763741983","$CRWD two days of range and volume expansion. 200% ATR move today. Another cascading down day and this in play for a parabolic long opp. https://t.co/RHaa1ndXhR","en","Origin","Bracco ⚡️","Braczyy","10185","7","10","0","116","19","2026-02-23 19:47:35","https://x.com/Braczyy/status/2026021137763741983","<a href=""https://mobile.twitter.com"" rel=""nofollow"">Twitter Web App</a>","","","photo","https://pbs.twimg.com/media/HB3fOXfXUAEa4xZ.jpg"
"2026021679231574237","$IGV into big 67 level https://t.co/d1mG7iWlGH","en","Reply","Bracco ⚡️","Braczyy","5092","4","2","0","30","4","2026-02-23 19:49:44","https://x.com/Braczyy/status/2026021679231574237","<a href=""https://mobile.twitter.com"" rel=""nofollow"">Twitter Web App</a>","","","photo","https://pbs.twimg.com/media/HB3f8P0XoAAulVI.jpg"
"2025700743156531629","Sunday Scans is live! 

https://t.co/DHkTl89PFp","en","Tweet","Bracco ⚡️","Braczyy","9141","7","7","1","24","5","2026-02-22 22:34:27","https://x.com/Braczyy/status/2025700743156531629","<a href=""https://mobile.twitter.com"" rel=""nofollow"">Twitter Web App</a>","","https://unchartedterritoryy.substack.com/p/sunday-scans-04c?r=4a386b&utm_campaign=post&utm_medium=web&showWelcomeOnShare=true&triedRedirect=true","",""
"2025627212012023917","Blow off top potential in South Korea?

While US stocks and indices have been chopping around for most of the year, the South Korean markets have been going parabolic. The KOSPI index is up 8 out of the last 9 weeks in vertical fashion thanks to A.I chip/memory euphoria.

The two big dogs SK Hynix & Samsung Electronics have a combined weighting of nearly 40% in the KOSPI composite... 

After last years move in quantum stocks and specific US single-stock ETF's, we saw just how much South Korean speculators love leverage... 

$KORU, the South Korea 3x bull ETF is up nearly 2,000% since the April 2025 lows. It traded its highest volume of the run on Friday, closing up over 15% and breaching the $500 century mark. 

Not sure how this plays out or if any opportunities arise, but all the ingredients are there for a spectacular parabolic blow off.","en","Origin","Bracco ⚡️","Braczyy","147753","20","17","6","219","81","2026-02-22 17:42:16","https://x.com/Braczyy/status/2025627212012023917","<a href=""https://mobile.twitter.com"" rel=""nofollow"">Twitter Web App</a>","","","photo","https://pbs.twimg.com/media/HBx4HMQWoAA7gd8.jpg
https://pbs.twimg.com/media/HBx4LWUXEAAFjEC.jpg
https://pbs.twimg.com/media/HBx4PRyWQAAPID6.jpg
https://pbs.twimg.com/media/HBx4p1gXsAAFxlB.jpg"
"2025632288956973170","You can see the correlation to $EWY (White), $SNDK (Blue), and $MU (Yellow) since the memory trade picked up. https://t.co/TdPzKu3NfS","en","Reply","Bracco ⚡️","Braczyy","6585","2","3","0","38","13","2026-02-22 18:02:26","https://x.com/Braczyy/status/2025632288956973170","<a href=""https://mobile.twitter.com"" rel=""nofollow"">Twitter Web App</a>","","","photo","https://pbs.twimg.com/media/HBx9itBWkAALk1w.jpg"
"2025606885869514784","Gold 1980 blow off precedent vs today. Nearly identical on the way up and now on the way down. Feels like a big inflection point here $GLD

1979-81 Gold move is a phenomenal historical model book study of a boom a bust. $MSTR recently followed the exact same path off its November 2024 peak.","en","Tweet","Bracco ⚡️","Braczyy","97866","34","29","8","292","132","2026-02-22 16:21:30","https://x.com/Braczyy/status/2025606885869514784","<a href=""https://mobile.twitter.com"" rel=""nofollow"">Twitter Web App</a>","","","photo","https://pbs.twimg.com/media/HBxmKgQWkAA9_E7.jpg"
"2016612908235436072","$GLD working on its 7th up day in a row with 3 consecutive days of range expansion and volume increasing as it approaches this $500 century mark

Silver slowly creeping back up to the scene of the crime. https://t.co/hlEDZMWQNt","en","Quoted","Bracco ⚡️","Braczyy","86089","9","5","1","80","14","2026-01-28 20:42:38","https://x.com/Braczyy/status/2016612908235436072","<a href=""https://mobile.twitter.com"" rel=""nofollow"">Twitter Web App</a>","","","photo","https://pbs.twimg.com/media/G_xyhvsWAAA-zhR.jpg"
"2024902105853468843","Incredible move in South Korea. $KORU 3x ETF up nearly 2,000% from April 2025 lows https://t.co/KjoGHLE90v","en","Tweet","Bracco ⚡️","Braczyy","52599","13","23","4","341","75","2026-02-20 17:40:57","https://x.com/Braczyy/status/2024902105853468843","<a href=""https://mobile.twitter.com"" rel=""nofollow"">Twitter Web App</a>","","","photo","https://pbs.twimg.com/media/HBnllx_WAAAY0la.jpg"
"2024878790132838893","$MAGS - Perhaps a notable chart into week end. Failed breakdown below this rounded top base while defending the 200-day moving average and April 2025 low anchored VWAP https://t.co/GE18LibAIV","en","Tweet","Bracco ⚡️","Braczyy","14374","7","8","0","93","14","2026-02-20 16:08:18","https://x.com/Braczyy/status/2024878790132838893","<a href=""https://mobile.twitter.com"" rel=""nofollow"">Twitter Web App</a>","","","photo","https://pbs.twimg.com/media/HBnQUPKXkAELAd7.jpg"
"2024106291552022982","🚨Incredible: S&P 100

This is the greatest underperformance in the Megas vs. $SPX since Great Financial Crisis. Last time 63-day ROC was this large was ABSOLUTE LOW in 2022.

Either end of the world is near, or near-term inflection.

$OEX $ES_F $SPY $QQQ $AAPL $NVDA $META $TSLA $AVGO $AMZN $NVDA $GOOGL $MAGS $NDX @MichaelKantro","en","Quoted","Seth Golden","SethCL","56924","2","43","6","214","63","2026-02-18 12:58:40","https://x.com/SethCL/status/2024106291552022982","<a href=""https://mobile.twitter.com"" rel=""nofollow"">Twitter Web App</a>","","","photo","https://pbs.twimg.com/media/HBcR8dKX0AEi1Bk.jpg"
"2024310024336556301","Reading back through @SallAmrit chapter in Mkt Wizards https://t.co/TLCL7ayN7U","en","Tweet","Bracco ⚡️","Braczyy","9427","8","17","0","143","57","2026-02-19 02:28:14","https://x.com/Braczyy/status/2024310024336556301","<a href=""https://mobile.twitter.com"" rel=""nofollow"">Twitter Web App</a>","","","photo","https://pbs.twimg.com/media/HBfK7QJXkAAm455.png"
"2024147270170460427","Very interesting observation from Christian and worth paying attention to going forward. Nasdaq attempting to stage another failed breakdown below the 20-week EMA as crypto, growth, and software are oversold. 

We had a very similar 4-month correction at the start of 2021 with two higher lows that eventually morphed into a flat top base. Growth and crypto had peaked in early 2021 and lagged the rest of the year as big cap names continued grinding higher. 

I would love a deeper correction, but it also seems that is becoming the consensus. Semis still showing no signs of stopping as $MAGS undercut and rallied at the 200-day moving average. 

If follow the 2020-21 precedent the indices can continue to move higher off this low and eventually make new highs while crypto, select growth names, and software lag, but stage big counter trend rallies

Food for thought.","en","Tweet","Bracco ⚡️","Braczyy","35790","18","11","1","183","78","2026-02-18 15:41:30","https://x.com/Braczyy/status/2024147270170460427","<a href=""https://mobile.twitter.com"" rel=""nofollow"">Twitter Web App</a>","","","photo","https://pbs.twimg.com/media/HBc1s6NWgAAWnK6.jpg"
"2022135277951627444","I don't think the QQQ has ""topped"" yet for this bull cycle. IF we follow the same pattern as 2020-2022 then growth names (leading since 2023) have likely topped. QQQ/SPY will perhaps have a correction soon (or very soon) and then rally to new highs and grind higher. During that rally I would expect a lot of these beaten down former leaders to rally into flattening or declining 200dmas and set up potential short sales.","en","Quoted","Christian Flanders","CFlanders7","59571","21","30","1","304","103","2026-02-13 02:26:34","https://x.com/CFlanders7/status/2022135277951627444","<a href=""https://mobile.twitter.com"" rel=""nofollow"">Twitter Web App</a>","","","photo","https://pbs.twimg.com/media/HBAQPrNaAAA31Zn.jpg
https://pbs.twimg.com/media/HBAQhZkbAAA3j1P.jpg
https://pbs.twimg.com/media/HBAQsZuXYAAl0Fx.jpg"
"2024127401244905755","$IGV (Software), $ARKK (Growth), $BTC (Crypto) have led this this correction lower and likely going to be a good indication of where this market is headed in the short-intermediate term. All 3 groups consolidating in a tight range following a big leg down with pretty close to 1:1 correlation in price action. Do they continue to trend lower or fail to breakdown and turn up? Watching for clues.","en","Tweet","Bracco ⚡️","Braczyy","14311","14","17","1","155","40","2026-02-18 14:22:33","https://x.com/Braczyy/status/2024127401244905755","<a href=""https://mobile.twitter.com"" rel=""nofollow"">Twitter Web App</a>","","","photo","https://pbs.twimg.com/media/HBckuhZXQAApyFA.jpg"
"2023915781059191072","Going to change the game for building model books and studying historical moves","en","Tweet","Bracco ⚡️","Braczyy","12090","4","2","0","58","20","2026-02-18 00:21:39","https://x.com/Braczyy/status/2023915781059191072","<a href=""http://twitter.com/download/iphone"" rel=""nofollow"">Twitter for iPhone</a>","","","",""
"2023819013890159095","Each bar in the market has some context as to what happened that day. 

So i thought it would be nice to make is easier for us to know.

@Deepvue will make it one-click tomorrow.

Here is a preview 🚀 https://t.co/qlLURtZi31","en","Quoted","Ameet Rai","AmeetRai","75389","35","14","8","266","79","2026-02-17 17:57:08","https://x.com/AmeetRai/status/2023819013890159095","<a href=""https://mobile.twitter.com"" rel=""nofollow"">Twitter Web App</a>","","","video","https://video.twimg.com/amplify_video/2023818301525127168/vid/avc1/4096x2142/rqLfChYeoCY_cm7M.mp4?tag=21"
"2023756652735016961","Always appreciate these posts from @lesse_jivermore on market history. Fascinating how clean this chart is for a move that occurred over 100 years ago. https://t.co/tpEzDMYo66","en","Tweet","Bracco ⚡️","Braczyy","18192","5","5","0","106","41","2026-02-17 13:49:20","https://x.com/Braczyy/status/2023756652735016961","<a href=""https://mobile.twitter.com"" rel=""nofollow"">Twitter Web App</a>","","","photo","https://pbs.twimg.com/media/HBXTNxaWwAArXvm.jpg"
"2023736059855782370","After years of manually reconstructing 1920s stock charts and digging through countless newspaper articles, my deep dive on the Roaring Twenties radio stock mania is live.

This isn’t just RCA.

It covers:

– Penny stocks
– Curb Exchange stocks
– Regional exchange leaders
– “Meme” stocks that collapsed 70% in three days
– Liquid leaders that ran 2,000%+

20+ original charts across 14 stocks with news flow and financials throughout.

RCA charted from 1919 through an 8,000%+ run into 1929.

Full 30+ page deep dive:

https://t.co/nLn8TGjUyT","en","Quoted","Barry Bivingston","lesse_jivermore","34164","14","40","5","181","166","2026-02-17 12:27:30","https://x.com/lesse_jivermore/status/2023736059855782370","<a href=""https://mobile.twitter.com"" rel=""nofollow"">Twitter Web App</a>","","","photo","https://pbs.twimg.com/media/HBXA2uhbMAAGFOP.jpg"
"2023509381871268255","Pretty awesome stuff from one of my good buddies. Highly recommend checking it out. I use it every day","en","Tweet","Bracco ⚡️","Braczyy","12907","5","2","1","39","24","2026-02-16 21:26:46","https://x.com/Braczyy/status/2023509381871268255","<a href=""http://twitter.com/download/iphone"" rel=""nofollow"">Twitter for iPhone</a>","","","",""
"2023481982869467569","If you're in multiple Discord servers (or even just one) you know that hopping between channels and servers gets old

Dashcord lets you organize a personal dashboard with all your favorite channels — even specific members — across servers. No more constant context switching

Free to sign up ⤵️
https://t.co/DUCqlDt2s1","en","Quoted","Dashcord","dashcordgg","25154","5","4","8","40","65","2026-02-16 19:37:53","https://x.com/dashcordgg/status/2023481982869467569","<a href=""https://mobile.twitter.com"" rel=""nofollow"">Twitter Web App</a>","","","photo","https://pbs.twimg.com/media/HBTZhq7WoAAgQbS.jpg"
"2023227307461083612","Walkthrough the Sunday Scans Newsletter with me. 

Also a few underappreciated jokes in there. Maybe you laugh maybe you shake your head, maybe you learn something and find a good winning stock for the week ahead!!

ENJOY! https://t.co/B4UnMy9rT6","en","Retweet","TSDR Trading","TSDR_Trading","10929","1","6","0","33","14","2026-02-16 02:45:54","https://x.com/TSDR_Trading/status/2023227307461083612","<a href=""https://mobile.twitter.com"" rel=""nofollow"">Twitter Web App</a>","","","video","https://video.twimg.com/amplify_video/2023226972672061441/vid/avc1/1280x720/JjqLijqXndu4rP2W.mp4?tag=21"
"2022738928000696761","True Love is One Trade Away.

Happy Valentine's Day from Uncharted Territory!","en","Retweet","TSDR Trading","TSDR_Trading","8567","9","5","0","33","1","2026-02-14 18:25:15","https://x.com/TSDR_Trading/status/2022738928000696761","<a href=""https://mobile.twitter.com"" rel=""nofollow"">Twitter Web App</a>","","","video","https://video.twimg.com/amplify_video/2022737738731016192/vid/avc1/640x360/Q_vGcHMZRecoQlq4.mp4?tag=21"
"2021993014844174835","Two trades so far on the month of February. $SLV parabolic long on 2/2 + $BTC mean reversion on 2/5. Haven’t been able to find much to do since. Rest of time just spent reviewing, studying, and waiting for conditions to align.","en","Tweet","Bracco ⚡️","Braczyy","6881","7","4","1","105","10","2026-02-12 17:01:16","https://x.com/Braczyy/status/2021993014844174835","<a href=""http://twitter.com/download/iphone"" rel=""nofollow"">Twitter for iPhone</a>","","","",""
"2019805699828793404","Quite the bounce in crypto complex following yesterdays capitulation. Here is list of vehicles I was watching for the trade sorted by % ATR move on the session so far. $HOOD $MSTR leading the pack. https://t.co/JUUapyAWt6","en","Tweet","Bracco ⚡️","Braczyy","10686","4","3","1","64","6","2026-02-06 16:09:39","https://x.com/Braczyy/status/2019805699828793404","<a href=""https://mobile.twitter.com"" rel=""nofollow"">Twitter Web App</a>","","","photo","https://pbs.twimg.com/media/HAfKUB5WUAA-eqf.png"
"2019785233806065768","Sold half of $IBIT shares from yesterday entry here to reduce some risk into weekend. $BTC 14% rally overnight off the 60k low and ultimate short term target for trade was around 70k. No clue where goes from here but have a good cushion and looks like massive stopping volume on the daily with sentiment in the dirt.","en","Quoted","Bracco ⚡️","Braczyy","22920","3","1","1","69","4","2026-02-06 14:48:20","https://x.com/Braczyy/status/2019785233806065768","<a href=""https://mobile.twitter.com"" rel=""nofollow"">Twitter Web App</a>","","","photo","https://pbs.twimg.com/media/HAe391MWUAAXJPb.jpg"
"2019785233806065768","Sold half of $IBIT shares from yesterday entry here to reduce some risk into weekend. $BTC 14% rally overnight off the 60k low and ultimate short term target for trade was around 70k. No clue where goes from here but have a good cushion and looks like massive stopping volume on the daily with sentiment in the dirt.","en","Origin","Bracco ⚡️","Braczyy","22920","3","1","1","69","4","2026-02-06 14:48:20","https://x.com/Braczyy/status/2019785233806065768","<a href=""https://mobile.twitter.com"" rel=""nofollow"">Twitter Web App</a>","","","photo","https://pbs.twimg.com/media/HAe391MWUAAXJPb.jpg"
"2019803502835548593","Fully out $IBIT","en","Reply","Bracco ⚡️","Braczyy","3629","1","0","0","34","1","2026-02-06 16:00:55","https://x.com/Braczyy/status/2019803502835548593","<a href=""https://mobile.twitter.com"" rel=""nofollow"">Twitter Web App</a>","","","",""
"2019650923409158150","$BTCUSD such clean action off lows. 6,500 point bounce. See if crypto stabilizing here can calm markets a bit and spark a snap back rally short term. https://t.co/SQqiO1hZZK","en","Tweet","Bracco ⚡️","Braczyy","24268","4","5","2","73","6","2026-02-06 05:54:38","https://x.com/Braczyy/status/2019650923409158150","<a href=""https://mobile.twitter.com"" rel=""nofollow"">Twitter Web App</a>","","","photo","https://pbs.twimg.com/media/HAc9mjeX0AE0998.jpg"
"2019580787432280308","$BTCUSD traded highest volume of the entire sell off at the low of $60,001.00 

With everyone anticipating the overnight gap down, the selling may have already climaxed for the short term. Reversing green on the session so far https://t.co/oy842AAu8z","en","Quoted","Bracco ⚡️","Braczyy","26477","13","5","1","109","11","2026-02-06 01:15:56","https://x.com/Braczyy/status/2019580787432280308","<a href=""https://mobile.twitter.com"" rel=""nofollow"">Twitter Web App</a>","","","photo","https://pbs.twimg.com/media/HAb9yitWIAAlcoI.jpg"
"2019580787432280308","$BTCUSD traded highest volume of the entire sell off at the low of $60,001.00 

With everyone anticipating the overnight gap down, the selling may have already climaxed for the short term. Reversing green on the session so far https://t.co/oy842AAu8z","en","Tweet","Bracco ⚡️","Braczyy","26477","13","5","1","109","11","2026-02-06 01:15:56","https://x.com/Braczyy/status/2019580787432280308","<a href=""https://mobile.twitter.com"" rel=""nofollow"">Twitter Web App</a>","","","photo","https://pbs.twimg.com/media/HAb9yitWIAAlcoI.jpg"
"2019501308810784780","$BTCUSD down over -11% on the day. If we close -10% or more, will be the only double digit down day since November 9th, 2022, the day Bitcoin bottomed in the 2022 bear market following the FTX debacle.

Bitcoin is currently -6 ATR's below the 50 day moving average, lowest print since the covid crash. $IBIT trading highest volume ever today.

Massive opp setting up in the short term.","en","Quoted","Bracco ⚡️","Braczyy","45317","7","7","1","83","13","2026-02-05 20:00:07","https://x.com/Braczyy/status/2019501308810784780","<a href=""https://mobile.twitter.com"" rel=""nofollow"">Twitter Web App</a>","","","photo","https://pbs.twimg.com/media/HAa1j57WwAAQGH9.jpg"
"2019514222959632809","Posted a few weeks ago in discord, but $QQQ tariff crash in Q1 2025 was the blueprint for the $BTC sell off. Almost identical in structure on the way down. Have now entered the parabolic downside leg https://t.co/2HRaEQc82B","en","Tweet","Bracco ⚡️","Braczyy","18001","14","9","0","85","19","2026-02-05 20:51:26","https://x.com/Braczyy/status/2019514222959632809","<a href=""https://mobile.twitter.com"" rel=""nofollow"">Twitter Web App</a>","","","photo","https://pbs.twimg.com/media/HAbBPuRWwAAf74w.jpg"
"2019501308810784780","$BTCUSD down over -11% on the day. If we close -10% or more, will be the only double digit down day since November 9th, 2022, the day Bitcoin bottomed in the 2022 bear market following the FTX debacle.

Bitcoin is currently -6 ATR's below the 50 day moving average, lowest print since the covid crash. $IBIT trading highest volume ever today.

Massive opp setting up in the short term.","en","Quoted","Bracco ⚡️","Braczyy","45317","7","7","1","83","13","2026-02-05 20:00:07","https://x.com/Braczyy/status/2019501308810784780","<a href=""https://mobile.twitter.com"" rel=""nofollow"">Twitter Web App</a>","","","photo","https://pbs.twimg.com/media/HAa1j57WwAAQGH9.jpg"
"2019501308810784780","$BTCUSD down over -11% on the day. If we close -10% or more, will be the only double digit down day since November 9th, 2022, the day Bitcoin bottomed in the 2022 bear market following the FTX debacle.

Bitcoin is currently -6 ATR's below the 50 day moving average, lowest print since the covid crash. $IBIT trading highest volume ever today.

Massive opp setting up in the short term.","en","Tweet","Bracco ⚡️","Braczyy","45317","7","7","1","83","13","2026-02-05 20:00:07","https://x.com/Braczyy/status/2019501308810784780","<a href=""https://mobile.twitter.com"" rel=""nofollow"">Twitter Web App</a>","","","photo","https://pbs.twimg.com/media/HAa1j57WwAAQGH9.jpg"
"2019431956237222365","$IBIT - Working on 7th down day in a row and on pace to trade its highest volume ever today with a 200% ATR move already. Completely outside the lower Bollinger band sets this up for a bounce. Nasdaq down -6% in just 3 days and momentum names annihilated yesterday. Think this selling could climax in the short term here soon. Bitcoin historically sees vicious bounces off these oversold levels, makes it an exciting opportunity if provides an entry.","en","Quoted","Bracco ⚡️","Braczyy","39835","8","9","4","120","20","2026-02-05 15:24:32","https://x.com/Braczyy/status/2019431956237222365","<a href=""https://mobile.twitter.com"" rel=""nofollow"">Twitter Web App</a>","","","photo","https://pbs.twimg.com/media/HAZ2Zl9XIAAJDbS.jpg"
"2019452249123004841","$COIN starting to get the cascading down days as we approach the April lows. Could be a good proxy for the Bitcoin bounce. 13 consecutive down days https://t.co/1JQ90650LU","en","Tweet","Bracco ⚡️","Braczyy","11693","7","5","0","85","11","2026-02-05 16:45:10","https://x.com/Braczyy/status/2019452249123004841","<a href=""https://mobile.twitter.com"" rel=""nofollow"">Twitter Web App</a>","","","photo","https://pbs.twimg.com/media/HAaI7cIWEAEopGp.jpg"
"2019431956237222365","$IBIT - Working on 7th down day in a row and on pace to trade its highest volume ever today with a 200% ATR move already. Completely outside the lower Bollinger band sets this up for a bounce. Nasdaq down -6% in just 3 days and momentum names annihilated yesterday. Think this selling could climax in the short term here soon. Bitcoin historically sees vicious bounces off these oversold levels, makes it an exciting opportunity if provides an entry.","en","Quoted","Bracco ⚡️","Braczyy","39835","8","9","4","120","20","2026-02-05 15:24:32","https://x.com/Braczyy/status/2019431956237222365","<a href=""https://mobile.twitter.com"" rel=""nofollow"">Twitter Web App</a>","","","photo","https://pbs.twimg.com/media/HAZ2Zl9XIAAJDbS.jpg"
"2019431956237222365","$IBIT - Working on 7th down day in a row and on pace to trade its highest volume ever today with a 200% ATR move already. Completely outside the lower Bollinger band sets this up for a bounce. Nasdaq down -6% in just 3 days and momentum names annihilated yesterday. Think this selling could climax in the short term here soon. Bitcoin historically sees vicious bounces off these oversold levels, makes it an exciting opportunity if provides an entry.","en","Tweet","Bracco ⚡️","Braczyy","39835","8","9","4","120","20","2026-02-05 15:24:32","https://x.com/Braczyy/status/2019431956237222365","<a href=""https://mobile.twitter.com"" rel=""nofollow"">Twitter Web App</a>","","","photo","https://pbs.twimg.com/media/HAZ2Zl9XIAAJDbS.jpg"
"2019110340768772476","The defining theme of 2026 so far: who can keep their drawdowns under control? https://t.co/pNHktP4uo3","en","Tweet","Bracco ⚡️","Braczyy","6172","2","9","0","103","9","2026-02-04 18:06:33","https://x.com/Braczyy/status/2019110340768772476","<a href=""http://twitter.com/download/iphone"" rel=""nofollow"">Twitter for iPhone</a>","","","photo","https://pbs.twimg.com/media/HAVSJ08WcAAfFN_.jpg"
"2018847325570101722","Longer version of ""The Rest of the Week"" since there was no Sunday Scans. 

-Broader list of interest
-Market Thoughts
-Current Trades
-Ideas from 
@1ChartMaster 
@AlexJonesIA 
@Braczyy &amp; Myself

Give it a read!","en","Retweet","TSDR Trading","TSDR_Trading","7739","5","5","0","25","6","2026-02-04 00:41:25","https://x.com/TSDR_Trading/status/2018847325570101722","<a href=""https://mobile.twitter.com"" rel=""nofollow"">Twitter Web App</a>","","","",""
"2018807649685438849","$IGV (Software ETF)
Traded highest daily volume in its 26-year history today on its 6th consecutive down day and 4th consecutive down week. While the ""Software is dead"" narrative may play out in the long run, the short side seems to be getting a crowded. Set up for a bounce trade into 2-year support.","en","Tweet","Bracco ⚡️","Braczyy","18421","17","13","4","159","39","2026-02-03 22:03:45","https://x.com/Braczyy/status/2018807649685438849","<a href=""https://mobile.twitter.com"" rel=""nofollow"">Twitter Web App</a>","","","photo","https://pbs.twimg.com/media/HAQ-Xy4XYAE_ctk.jpg"
"2017295647137788098","$AGQ no words. https://t.co/LiuIc0pdcI","en","Tweet","Bracco ⚡️","Braczyy","13877","17","6","1","97","10","2026-01-30 17:55:36","https://x.com/Braczyy/status/2017295647137788098","<a href=""https://mobile.twitter.com"" rel=""nofollow"">Twitter Web App</a>","","","photo","https://pbs.twimg.com/media/G_7fp7ZXwAAhHLt.jpg"
"2017273756079587564","$SI $SLV - Turns out this time was not different.

""Nothing new happens in markets. There can't be because speculation is as old as the hills. Patterns repeat because human nature never changes"" 
- Livermore https://t.co/CQAZvCDO97","en","Tweet","Bracco ⚡️","Braczyy","17566","14","10","0","150","19","2026-01-30 16:28:37","https://x.com/Braczyy/status/2017273756079587564","<a href=""https://mobile.twitter.com"" rel=""nofollow"">Twitter Web App</a>","","","photo","https://pbs.twimg.com/media/G_7LIV-W0AA8XuW.jpg"
"2015530719997579438","All eyes on precious metals this week $SLV $GLD","en","Quoted","Bracco ⚡️","Braczyy","63998","14","3","1","98","6","2026-01-25 21:02:25","https://x.com/Braczyy/status/2015530719997579438","<a href=""http://twitter.com/download/iphone"" rel=""nofollow"">Twitter for iPhone</a>","","","",""
"2017252033401700800","At the highs on Monday $AGQ had its largest upside day in history (+29%) and now just 4 days later with its biggest down day in history (-30%) https://t.co/1893ax0ace","en","Tweet","Bracco ⚡️","Braczyy","8892","4","3","0","46","3","2026-01-30 15:02:18","https://x.com/Braczyy/status/2017252033401700800","<a href=""https://mobile.twitter.com"" rel=""nofollow"">Twitter Web App</a>","","","photo","https://pbs.twimg.com/media/G_63xPBWYAAlfgo.jpg"
"2015837700033528228","Based off what I could find, I believe this is the largest single day move on $AGQ (2x Silver ETF) in history 

Up +24% and going to do highest volume ever https://t.co/gTgepcklRp","en","Quoted","Bracco ⚡️","Braczyy","18888","9","8","2","80","12","2026-01-26 17:22:14","https://x.com/Braczyy/status/2015837700033528228","<a href=""https://mobile.twitter.com"" rel=""nofollow"">Twitter Web App</a>","","","photo","https://pbs.twimg.com/media/G_mxcBHWAAAVBYW.jpg"
"2017235818289525068","Always obvious in hindsight… $SLV and $GLD overshot $100 and $500 levels just before blowing off. This screenshot is from my write-up in our Sunday Scans newsletter last weekend ✍️ https://t.co/HsoA5SblYl","en","Tweet","Bracco ⚡️","Braczyy","14931","11","5","0","100","30","2026-01-30 13:57:52","https://x.com/Braczyy/status/2017235818289525068","<a href=""http://twitter.com/download/iphone"" rel=""nofollow"">Twitter for iPhone</a>","","","photo","https://pbs.twimg.com/media/G_6pSQgWYAARbct.jpg"
"2015530719997579438","All eyes on precious metals this week $SLV $GLD","en","Quoted","Bracco ⚡️","Braczyy","63998","14","3","1","98","6","2026-01-25 21:02:25","https://x.com/Braczyy/status/2015530719997579438","<a href=""http://twitter.com/download/iphone"" rel=""nofollow"">Twitter for iPhone</a>","","","",""
"2016896818991272099","MONSTER trades on $AGQ and $UGL short this week. What a move. Total blowout in the $GVZ today. Cannot believe we are seeing metals move like this. https://t.co/4YBdl8RXLe","en","Tweet","Bracco ⚡️","Braczyy","13695","5","4","0","77","10","2026-01-29 15:30:48","https://x.com/Braczyy/status/2016896818991272099","<a href=""https://mobile.twitter.com"" rel=""nofollow"">Twitter Web App</a>","","","photo","https://pbs.twimg.com/media/G_10vrJWYAA3tLu.jpg"
"2015899086931525891","$SLV $GLD 
Hope my non-stop posts on metals all day made my bias pretty obvious. One of the cleanest and clearest climax tops I have ever traded and studied. I am not one to make big calls, but we very likely may not see something of this magnitude again for a very, very long time. 

NEXT!","en","Quoted","Bracco ⚡️","Braczyy","43214","27","11","2","185","47","2026-01-26 21:26:10","https://x.com/Braczyy/status/2015899086931525891","<a href=""https://mobile.twitter.com"" rel=""nofollow"">Twitter Web App</a>","","","photo","https://pbs.twimg.com/media/G_no_2DWsAAYew2.jpg"
"2016894062385668302","Too clean $GLD $SLV $UGL https://t.co/4KlSj0DuV6","en","Tweet","Bracco ⚡️","Braczyy","12248","4","3","0","49","5","2026-01-29 15:19:51","https://x.com/Braczyy/status/2016894062385668302","<a href=""https://mobile.twitter.com"" rel=""nofollow"">Twitter Web App</a>","","","photo","https://pbs.twimg.com/media/G_1ybdzXMAAMtrg.png"
"2016612908235436072","$GLD working on its 7th up day in a row with 3 consecutive days of range expansion and volume increasing as it approaches this $500 century mark

Silver slowly creeping back up to the scene of the crime. https://t.co/hlEDZMWQNt","en","Quoted","Bracco ⚡️","Braczyy","86089","9","5","1","80","14","2026-01-28 20:42:38","https://x.com/Braczyy/status/2016612908235436072","<a href=""https://mobile.twitter.com"" rel=""nofollow"">Twitter Web App</a>","","","photo","https://pbs.twimg.com/media/G_xyhvsWAAA-zhR.jpg"
"2016886767903785047","$GVZ https://t.co/LMuATQindf","qme","Tweet","Bracco ⚡️","Braczyy","7140","2","0","0","22","4","2026-01-29 14:50:52","https://x.com/Braczyy/status/2016886767903785047","<a href=""https://mobile.twitter.com"" rel=""nofollow"">Twitter Web App</a>","","","photo","https://pbs.twimg.com/media/G_1rzt6W0AA4Ubk.png"
"2016612908235436072","$GLD working on its 7th up day in a row with 3 consecutive days of range expansion and volume increasing as it approaches this $500 century mark

Silver slowly creeping back up to the scene of the crime. https://t.co/hlEDZMWQNt","en","Quoted","Bracco ⚡️","Braczyy","86089","9","5","1","80","14","2026-01-28 20:42:38","https://x.com/Braczyy/status/2016612908235436072","<a href=""https://mobile.twitter.com"" rel=""nofollow"">Twitter Web App</a>","","","photo","https://pbs.twimg.com/media/G_xyhvsWAAA-zhR.jpg"
"2016655028363092468","$UGL up 4% more in after hours with Gold futures working on 8th up day in a row. 

$GLD nearing highest ATR extension above the 50ma in history. https://t.co/t0JDyJrReO","en","Origin","Bracco ⚡️","Braczyy","14672","7","1","0","55","13","2026-01-28 23:30:01","https://x.com/Braczyy/status/2016655028363092468","<a href=""https://mobile.twitter.com"" rel=""nofollow"">Twitter Web App</a>","","","photo","https://pbs.twimg.com/media/G_yYxr7XwAANmQY.jpg"
"2016875006047785244","$GLD highest overnight volume ever last night https://t.co/eprSdIHPyB","en","Reply","Bracco ⚡️","Braczyy","2854","3","1","0","13","3","2026-01-29 14:04:07","https://x.com/Braczyy/status/2016875006047785244","<a href=""https://mobile.twitter.com"" rel=""nofollow"">Twitter Web App</a>","","","photo","https://pbs.twimg.com/media/G_1hFVsbUAUFaaU.jpg"
"2016616029699367014","$UGL (Proshares Ultra Gold) trading its highest volume ever today https://t.co/7Bn4O8VlAW","en","Tweet","Bracco ⚡️","Braczyy","24470","5","2","1","51","11","2026-01-28 20:55:03","https://x.com/Braczyy/status/2016616029699367014","<a href=""https://mobile.twitter.com"" rel=""nofollow"">Twitter Web App</a>","","","photo","https://pbs.twimg.com/media/G_x1eCLWAAAfDQR.jpg"
"2016612908235436072","$GLD working on its 7th up day in a row with 3 consecutive days of range expansion and volume increasing as it approaches this $500 century mark

Silver slowly creeping back up to the scene of the crime. https://t.co/hlEDZMWQNt","en","Quoted","Bracco ⚡️","Braczyy","86089","9","5","1","80","14","2026-01-28 20:42:38","https://x.com/Braczyy/status/2016612908235436072","<a href=""https://mobile.twitter.com"" rel=""nofollow"">Twitter Web App</a>","","","photo","https://pbs.twimg.com/media/G_xyhvsWAAA-zhR.jpg"
"2016612908235436072","$GLD working on its 7th up day in a row with 3 consecutive days of range expansion and volume increasing as it approaches this $500 century mark

Silver slowly creeping back up to the scene of the crime. https://t.co/hlEDZMWQNt","en","Tweet","Bracco ⚡️","Braczyy","86089","9","5","1","80","14","2026-01-28 20:42:38","https://x.com/Braczyy/status/2016612908235436072","<a href=""https://mobile.twitter.com"" rel=""nofollow"">Twitter Web App</a>","","","photo","https://pbs.twimg.com/media/G_xyhvsWAAA-zhR.jpg"
"2016306375467663382","The Rest of the Week! 

Obviously a lot going on with FOMC and Earnings. Going to be very exciting and the market looks pretty fun heading into “The Rest of the Week”!

Ideas and insights from @1ChartMaster @Braczyy @TSDR_Trading @AlexJonesIA @JersaceX @manrav !!

https://t.co/WIoIxVa74y","en","Retweet","TSDR Trading","TSDR_Trading","10198","5","4","1","21","5","2026-01-28 00:24:35","https://x.com/TSDR_Trading/status/2016306375467663382","<a href=""http://twitter.com/download/iphone"" rel=""nofollow"">Twitter for iPhone</a>","","","",""
"2015901764759798157","$AGQ - Put it in the textbook https://t.co/HsT53RAtQm","en","Tweet","Bracco ⚡️","Braczyy","16343","12","4","3","122","20","2026-01-26 21:36:49","https://x.com/Braczyy/status/2015901764759798157","<a href=""https://mobile.twitter.com"" rel=""nofollow"">Twitter Web App</a>","","","photo","https://pbs.twimg.com/media/G_nr7YGWcAMiYtS.jpg"
"2015899086931525891","$SLV $GLD 
Hope my non-stop posts on metals all day made my bias pretty obvious. One of the cleanest and clearest climax tops I have ever traded and studied. I am not one to make big calls, but we very likely may not see something of this magnitude again for a very, very long time. 

NEXT!","en","Origin","Bracco ⚡️","Braczyy","43214","27","11","2","185","47","2026-01-26 21:26:10","https://x.com/Braczyy/status/2015899086931525891","<a href=""https://mobile.twitter.com"" rel=""nofollow"">Twitter Web App</a>","","","photo","https://pbs.twimg.com/media/G_no_2DWsAAYew2.jpg"
"2015900102498394554","Trade began this morning. https://t.co/n8SqgPyfuS","en","Reply","Bracco ⚡️","Braczyy","5755","2","0","0","39","2","2026-01-26 21:30:12","https://x.com/Braczyy/status/2015900102498394554","<a href=""http://twitter.com/download/iphone"" rel=""nofollow"">Twitter for iPhone</a>","","","photo","https://pbs.twimg.com/media/G_nqdSGWYAARlPQ.jpg"
"2015530719997579438","All eyes on precious metals this week $SLV $GLD","en","Retweet","Bracco ⚡️","Braczyy","63998","14","3","1","98","6","2026-01-25 21:02:25","https://x.com/Braczyy/status/2015530719997579438","<a href=""http://twitter.com/download/iphone"" rel=""nofollow"">Twitter for iPhone</a>","","","",""
"2015837700033528228","Based off what I could find, I believe this is the largest single day move on $AGQ (2x Silver ETF) in history 

Up +24% and going to do highest volume ever https://t.co/gTgepcklRp","en","Tweet","Bracco ⚡️","Braczyy","18888","9","8","2","80","12","2026-01-26 17:22:14","https://x.com/Braczyy/status/2015837700033528228","<a href=""https://mobile.twitter.com"" rel=""nofollow"">Twitter Web App</a>","","","photo","https://pbs.twimg.com/media/G_mxcBHWAAAVBYW.jpg"
"2015805387472028105","$SLV projected to trade nearly 400% above average daily volume today. Silver futures day-2 parabolic burst with 3 days range expansion. https://t.co/QJ3FkFLf79","en","Tweet","Bracco ⚡️","Braczyy","12212","7","9","2","99","12","2026-01-26 15:13:50","https://x.com/Braczyy/status/2015805387472028105","<a href=""https://mobile.twitter.com"" rel=""nofollow"">Twitter Web App</a>","","","photo","https://pbs.twimg.com/media/G_mUBOCWAAA_By-.jpg"
"2015797322819547610","$SLV has traded over 50% of its average daily volume in the first 10 minutes of the session 

Volume = Price
Cause = Effect","en","Tweet","Bracco ⚡️","Braczyy","10156","8","3","0","51","6","2026-01-26 14:41:48","https://x.com/Braczyy/status/2015797322819547610","<a href=""http://twitter.com/download/iphone"" rel=""nofollow"">Twitter for iPhone</a>","","","",""
"2015793660869103617","$SLV $GLD $AGQ $SIL $GDX - All gapping above the upper Bollinger Band this morning with record pace volume overnight","en","Quoted","Bracco ⚡️","Braczyy","16009","6","3","1","48","10","2026-01-26 14:27:15","https://x.com/Braczyy/status/2015793660869103617","<a href=""http://twitter.com/download/iphone"" rel=""nofollow"">Twitter for iPhone</a>","","","",""
"2015793660869103617","$SLV $GLD $AGQ $SIL $GDX - All gapping above the upper Bollinger Band this morning with record pace volume overnight","en","Tweet","Bracco ⚡️","Braczyy","16009","6","3","1","48","10","2026-01-26 14:27:15","https://x.com/Braczyy/status/2015793660869103617","<a href=""http://twitter.com/download/iphone"" rel=""nofollow"">Twitter for iPhone</a>","","","",""
"2015679098182410592","$GLD also on pace to trade highest overnight volume ever. Previous two occasions we saw these levels of volume it marked local tops https://t.co/HybxwPBMcj","en","Tweet","Bracco ⚡️","Braczyy","21830","7","11","0","139","31","2026-01-26 06:52:01","https://x.com/Braczyy/status/2015679098182410592","<a href=""https://mobile.twitter.com"" rel=""nofollow"">Twitter Web App</a>","","","photo","https://pbs.twimg.com/media/G_khItwXEAEV6eS.jpg"
"2015663244837261592","$SLV trading its highest volume for an overnight session of the entire run so far with 3 hours until pre-market open.

Silver futures have traded half of Fridays volume. https://t.co/DYQNLBDYQi","en","Quoted","Bracco ⚡️","Braczyy","36647","8","3","1","89","7","2026-01-26 05:49:01","https://x.com/Braczyy/status/2015663244837261592","<a href=""https://mobile.twitter.com"" rel=""nofollow"">Twitter Web App</a>","","","photo","https://pbs.twimg.com/media/G_kSxNAXwAATmIi.jpg"
"2015663244837261592","$SLV trading its highest volume for an overnight session of the entire run so far with 3 hours until pre-market open.

Silver futures have traded half of Fridays volume. https://t.co/DYQNLBDYQi","en","Tweet","Bracco ⚡️","Braczyy","36647","8","3","1","89","7","2026-01-26 05:49:01","https://x.com/Braczyy/status/2015663244837261592","<a href=""https://mobile.twitter.com"" rel=""nofollow"">Twitter Web App</a>","","","photo","https://pbs.twimg.com/media/G_kSxNAXwAATmIi.jpg"
"2015618381244690652","$SLV Silver blasting through the $100 century mark and now up 54% for the month of January. 

Incredible. https://t.co/jPRozvlEiR","en","Quoted","Bracco ⚡️","Braczyy","31902","11","3","1","67","8","2026-01-26 02:50:45","https://x.com/Braczyy/status/2015618381244690652","<a href=""https://mobile.twitter.com"" rel=""nofollow"">Twitter Web App</a>","","","photo","https://pbs.twimg.com/media/G_jqELBXMAA1ez3.jpg"
"2015618381244690652","$SLV Silver blasting through the $100 century mark and now up 54% for the month of January. 

Incredible. https://t.co/jPRozvlEiR","en","Tweet","Bracco ⚡️","Braczyy","31902","11","3","1","67","8","2026-01-26 02:50:45","https://x.com/Braczyy/status/2015618381244690652","<a href=""https://mobile.twitter.com"" rel=""nofollow"">Twitter Web App</a>","","","photo","https://pbs.twimg.com/media/G_jqELBXMAA1ez3.jpg"
"2015530719997579438","All eyes on precious metals this week $SLV $GLD","en","Quoted","Bracco ⚡️","Braczyy","63998","14","3","1","98","6","2026-01-25 21:02:25","https://x.com/Braczyy/status/2015530719997579438","<a href=""http://twitter.com/download/iphone"" rel=""nofollow"">Twitter for iPhone</a>","","","",""
"2015561083470189035","Natural Gas futures +15% $UNG $BOIL https://t.co/TbV3uLfg9T","es","Tweet","Bracco ⚡️","Braczyy","16890","9","7","0","68","9","2026-01-25 23:03:04","https://x.com/Braczyy/status/2015561083470189035","<a href=""https://mobile.twitter.com"" rel=""nofollow"">Twitter Web App</a>","","","photo","https://pbs.twimg.com/media/G_i2Ae6WsAA_ChC.jpg"
"2013638211185021428","$UNG projected to trade over 500% of it's average daily volume today following record weekly capitulation volume just two weeks ago. 

Large speculators are net-short Natural Gas futures at highest levels since March of 2020

Data from @Crowded_Mkt_Rpt https://t.co/db0mik6zvy","en","Quoted","Bracco ⚡️","Braczyy","42717","3","6","1","39","11","2026-01-20 15:42:15","https://x.com/Braczyy/status/2013638211185021428","<a href=""https://mobile.twitter.com"" rel=""nofollow"">Twitter Web App</a>","","","photo","https://pbs.twimg.com/media/G_HgplTWIAA0wD4.jpg"
"2015552417018843563","Sunday scans is live! Includes my write-up on the Silver trade. Enjoy! 

https://t.co/FrWJmxQGPA","en","Tweet","Bracco ⚡️","Braczyy","13355","6","6","1","44","13","2026-01-25 22:28:38","https://x.com/Braczyy/status/2015552417018843563","<a href=""http://twitter.com/download/iphone"" rel=""nofollow"">Twitter for iPhone</a>","","https://unchartedterritoryy.substack.com/p/sunday-scans-7fb?r=4a386b","",""
"2015530719997579438","All eyes on precious metals this week $SLV $GLD","en","Tweet","Bracco ⚡️","Braczyy","63998","14","3","1","98","6","2026-01-25 21:02:25","https://x.com/Braczyy/status/2015530719997579438","<a href=""http://twitter.com/download/iphone"" rel=""nofollow"">Twitter for iPhone</a>","","","",""
"2015105350156833183","Check out our interview with @Clement_Ang17 from last week👇

https://t.co/OkvW5z7nO0","en","Tweet","Bracco ⚡️","Braczyy","24252","2","6","1","43","23","2026-01-24 16:52:08","https://x.com/Braczyy/status/2015105350156833183","<a href=""http://twitter.com/download/iphone"" rel=""nofollow"">Twitter for iPhone</a>","","https://www.youtube.com/live/zo8UvKXd6WE?si=72Hy8ZaRwHyp4Vg_","",""
"2013653741015044514","At Uncharted Territory, we consistently try to bring on the most respected traders in the community for in-depth interviews.

Below is a free, youtube playlist with all of our interviews to date. We have many more planned for this year, starting with @Clement_Ang17 on Wednesday. 

Enjoy!

https://t.co/XPbgbYYKwD","en","Quoted","Bracco ⚡️","Braczyy","35532","2","7","1","49","23","2026-01-20 16:43:58","https://x.com/Braczyy/status/2013653741015044514","<a href=""https://mobile.twitter.com"" rel=""nofollow"">Twitter Web App</a>","","","",""
"2014714396627333182","$GLD up over 8% on the week for its largest weekly gain of the entire run. We are even seeing some small cap gold names go parabolic this morning as Gold futures near $5,000 https://t.co/juVjdU3LpS","en","Tweet","Bracco ⚡️","Braczyy","8141","3","6","0","75","9","2026-01-23 14:58:38","https://x.com/Braczyy/status/2014714396627333182","<a href=""https://mobile.twitter.com"" rel=""nofollow"">Twitter Web App</a>","","","photo","https://pbs.twimg.com/media/G_Wzef7X0AAcqoU.jpg"
"2014081509091639798","$SNDK - Potential parabolic short candidate into the end of the week.

Consider today day 2 of a parabolic burst. 2nd consecutive day of range expansion with 4 consecutive days of volume expansion, only missing the unfilled gaps. The angle of the trend has started to accelerate and likely building up into a climax. 

$SNDK is trading 330% above its 200-day moving average, the most extended i've seen a large cap name above the 200ma in my studies going all the way back to the mid-1990's.

We are up over 100% in 13 days and nearly 1,000% in 5 months, right up into the big $500 century mark. Parabolic moves in the super‑liquid momentum stocks  often peak right at, or overshoot, these obvious round numbers: $NVDA 1000, $SMCI 1000, $MSTR 500, $TSLA 500, etc.","en","Tweet","Bracco ⚡️","Braczyy","120871","37","48","7","479","175","2026-01-21 21:03:46","https://x.com/Braczyy/status/2014081509091639798","<a href=""https://mobile.twitter.com"" rel=""nofollow"">Twitter Web App</a>","","","photo","https://pbs.twimg.com/media/G_NyJtuWEAEkZPq.jpg"
"2008560037095239740","$SNDK eerily similar to the start $SMCI had in January 2024 when it broke out of its stage 2, flat top base with authority....

Wonder if it provides similar follow through into a parabolic climax. Stock certainty feels like it has the personality and characteristics to do so... https://t.co/vfpqroLhFp","en","Quoted","Bracco ⚡️","Braczyy","165982","27","32","7","406","119","2026-01-06 15:23:24","https://x.com/Braczyy/status/2008560037095239740","<a href=""https://mobile.twitter.com"" rel=""nofollow"">Twitter Web App</a>","","","photo","https://pbs.twimg.com/media/G9_WScTW0AA6XFM.jpg"
"2013992309197619433","$BOIL $UNG - Natural Gas futures with one of the cleanest multi-day trends of the year so far. Absolute beauty of a chart. This is the result of extremely skewed positioning, major short-term catalyst, and savage volume. https://t.co/VFf8eXw0LZ","en","Tweet","Bracco ⚡️","Braczyy","9861","3","5","0","46","8","2026-01-21 15:09:19","https://x.com/Braczyy/status/2013992309197619433","<a href=""https://mobile.twitter.com"" rel=""nofollow"">Twitter Web App</a>","","","photo","https://pbs.twimg.com/media/G_MjI8qXoAErHYB.jpg"
"2013638211185021428","$UNG projected to trade over 500% of it's average daily volume today following record weekly capitulation volume just two weeks ago. 

Large speculators are net-short Natural Gas futures at highest levels since March of 2020

Data from @Crowded_Mkt_Rpt https://t.co/db0mik6zvy","en","Quoted","Bracco ⚡️","Braczyy","42717","3","6","1","39","11","2026-01-20 15:42:15","https://x.com/Braczyy/status/2013638211185021428","<a href=""https://mobile.twitter.com"" rel=""nofollow"">Twitter Web App</a>","","","photo","https://pbs.twimg.com/media/G_HgplTWIAA0wD4.jpg"
"2013901001917435963","$UNG $BOIL Natural gas notched best day in 4 years yesterday on highest volume ever. Following through up another +20% overnight as large speculators get squeezed. 

Volume = Price
Cause = Effect https://t.co/0cEo57P7HB","en","Tweet","Bracco ⚡️","Braczyy","9795","1","3","0","41","6","2026-01-21 09:06:29","https://x.com/Braczyy/status/2013901001917435963","<a href=""https://mobile.twitter.com"" rel=""nofollow"">Twitter Web App</a>","","","photo","https://pbs.twimg.com/media/G_LPqxqWwAApYKf.jpg"
"2013638211185021428","$UNG projected to trade over 500% of it's average daily volume today following record weekly capitulation volume just two weeks ago. 

Large speculators are net-short Natural Gas futures at highest levels since March of 2020

Data from @Crowded_Mkt_Rpt https://t.co/db0mik6zvy","en","Quoted","Bracco ⚡️","Braczyy","42717","3","6","1","39","11","2026-01-20 15:42:15","https://x.com/Braczyy/status/2013638211185021428","<a href=""https://mobile.twitter.com"" rel=""nofollow"">Twitter Web App</a>","","","photo","https://pbs.twimg.com/media/G_HgplTWIAA0wD4.jpg"
"2013653741015044514","At Uncharted Territory, we consistently try to bring on the most respected traders in the community for in-depth interviews.

Below is a free, youtube playlist with all of our interviews to date. We have many more planned for this year, starting with @Clement_Ang17 on Wednesday. 

Enjoy!

https://t.co/XPbgbYYKwD","en","Tweet","Bracco ⚡️","Braczyy","35532","2","7","1","49","23","2026-01-20 16:43:58","https://x.com/Braczyy/status/2013653741015044514","<a href=""https://mobile.twitter.com"" rel=""nofollow"">Twitter Web App</a>","","","",""
"2013638211185021428","$UNG projected to trade over 500% of it's average daily volume today following record weekly capitulation volume just two weeks ago. 

Large speculators are net-short Natural Gas futures at highest levels since March of 2020

Data from @Crowded_Mkt_Rpt https://t.co/db0mik6zvy","en","Tweet","Bracco ⚡️","Braczyy","42717","3","6","1","39","11","2026-01-20 15:42:15","https://x.com/Braczyy/status/2013638211185021428","<a href=""https://mobile.twitter.com"" rel=""nofollow"">Twitter Web App</a>","","","photo","https://pbs.twimg.com/media/G_HgplTWIAA0wD4.jpg"
"2005637137560109372","$SLV - Silver over 12% off highs... Largest single session sell off since the 2020 peak. Another one for the model book. https://t.co/T8D0kW4LYa","en","Origin","Bracco ⚡️","Braczyy","26392","8","11","0","116","16","2025-12-29 13:48:51","https://x.com/Braczyy/status/2005637137560109372","<a href=""https://mobile.twitter.com"" rel=""nofollow"">Twitter Web App</a>","","","photo","https://pbs.twimg.com/media/G9VzTcfXcAA_ff6.jpg"
"2011436250717442438","Round 2 $SLV $AGQ /SI https://t.co/RYRXzCR32X","en","Reply","Bracco ⚡️","Braczyy","3601","4","3","0","19","4","2026-01-14 13:52:27","https://x.com/Braczyy/status/2011436250717442438","<a href=""http://twitter.com/download/iphone"" rel=""nofollow"">Twitter for iPhone</a>","","","animated_gif","https://video.twimg.com/tweet_video/G-oOmxLWsAAPWOX.mp4"
"2011248529667235902","The Rest of the Week. 

Insights and ideas from @Braczyy, Myself, @1ChartMaster, @JersaceX, @AlexJonesIA, @manrav, and contributors from the group. 

Always look forward to seeing what makes the list and what people are watching. 

Last week had some awesome winners and big movers. Let's see what we found for ""The Rest of the Week""!","en","Retweet","TSDR Trading","TSDR_Trading","10659","3","7","2","35","7","2026-01-14 01:26:31","https://x.com/TSDR_Trading/status/2011248529667235902","<a href=""https://mobile.twitter.com"" rel=""nofollow"">Twitter Web App</a>","","","photo","https://pbs.twimg.com/media/G-ljy6BWwAAzyLJ.jpg"
"2010452300960338339","SUNDAY SCANS check out the full video breakdown and recap of the entire newsletter.

Typed SUNDAY SCANS in the post below the video. 

ENJOY! https://t.co/h0BLOjhIa2","en","Retweet","TSDR Trading","TSDR_Trading","12016","9","12","1","71","47","2026-01-11 20:42:35","https://x.com/TSDR_Trading/status/2010452300960338339","<a href=""https://mobile.twitter.com"" rel=""nofollow"">Twitter Web App</a>","","","video","https://video.twimg.com/amplify_video/2010451906485788672/vid/avc1/1280x720/8i5TN2GA1to8hPsF.mp4?tag=21"
"2008699155770700078","Back at it with “The Rest of the Week” After two Holiday weeks. 

Take a read from charts posted by the folks in the group.

Myself and Bracco as well as @1ChartMaster @manrav @AlexJonesIA 

Enjoy! Inquiry about additional posts you’d like to see on a weekly basis from us, take a look!","en","Retweet","TSDR Trading","TSDR_Trading","10645","3","7","1","28","4","2026-01-07 00:36:13","https://x.com/TSDR_Trading/status/2008699155770700078","<a href=""http://twitter.com/download/iphone"" rel=""nofollow"">Twitter for iPhone</a>","","","photo","https://pbs.twimg.com/media/G-BVPKKXwAEZBxq.jpg"
"2008560037095239740","$SNDK eerily similar to the start $SMCI had in January 2024 when it broke out of its stage 2, flat top base with authority....

Wonder if it provides similar follow through into a parabolic climax. Stock certainty feels like it has the personality and characteristics to do so... https://t.co/vfpqroLhFp","en","Origin","Bracco ⚡️","Braczyy","165982","27","32","7","406","119","2026-01-06 15:23:24","https://x.com/Braczyy/status/2008560037095239740","<a href=""https://mobile.twitter.com"" rel=""nofollow"">Twitter Web App</a>","","","photo","https://pbs.twimg.com/media/G9_WScTW0AA6XFM.jpg"
"2008564441449951359","Even the price action off open nearly identical. https://t.co/zlTPV0Mm9B","en","Reply","Bracco ⚡️","Braczyy","6897","3","2","0","35","6","2026-01-06 15:40:54","https://x.com/Braczyy/status/2008564441449951359","<a href=""https://mobile.twitter.com"" rel=""nofollow"">Twitter Web App</a>","","","photo","https://pbs.twimg.com/media/G9_arkNXkAAenGz.jpg"
"2008533190256841035","Scrolling through some old trades from last year and came across my 13 page trade write-up before the April 7th parabolic long. Here are some notes and headlines I have saved. Read through these and you'll understand why I had so much conviction. I don’t think many people truly realized just how unprecedented that moment was...

The overnight session going into April 7th—the day the stock market bottomed:

""At current levels we are now officially experiencing the worst ever three day move on S&P futures in history""

""The % of stocks below the 40-day moving average just breached below 5%, which has only happened 5 times since 1986: Black Monday (1987), Financial Crisis (2008), Shanghai Crash (2016), Trade War (2018), Covid Crash (2020)""

Goldman Sachs - ""Any bounce here won’t last -The firm warned that what started as an event-driven selloff can turn into a full-blown cyclical bear market.""

Blackrock - Downgraded US stocks, says to be ""cautious""

Wedbush - ""Trump tariff moves are worst U.S. policy mistake since 1930""

Deutsche Bank - ""We are witnessing a simultaneous collapse in the price of all US assets including equities, the dollar versus alternative reserve FX and the bond market. We are entering unchartered territory in the global financial system""

""CIRCUIT BREAKER TRIGGERED FOR TOPEX (TOKYO) FUTURES""

""NIKKEI 225 FUTURES TRADE SUSPENDED DUE TO CIRCUIT BREAKER""

""TAIWAN STOCK MARKET HALTED DOWN 10% AS TSMC & FOXCONN STOCKS PLUMMET""

""FRECNH BANKING SHARES HALTED AT OPEN""

""CHINA MARKETS PLUMMET 12% IN WORST DROP SINCE 2008 FINANCIAL CRISIS""","en","Tweet","Bracco ⚡️","Braczyy","9004","4","9","1","83","43","2026-01-06 13:36:43","https://x.com/Braczyy/status/2008533190256841035","<a href=""https://mobile.twitter.com"" rel=""nofollow"">Twitter Web App</a>","","","",""
"2007933259078893920","After all that has unfolded this weekend it is wild that President Trump took the time to suggest that we all read SUNDAY SCANS to prepare for the first full week of 2026. 

Go check it out and let's have a great week. 

-Introduction/Prep
-Economic Events and Earnings
-Market Internals and Health
-ETFs and Sectors of interest
-Bracco's Top Ideas
-TSDR Positions/Outlook/Watchlist
-Final Comments to get ready to Shred

Enjoy all and thank you for the kind words Mr. President.

https://t.co/oYxsj1ExMl","en","Retweet","TSDR Trading","TSDR_Trading","11594","9","3","1","59","10","2026-01-04 21:52:49","https://x.com/TSDR_Trading/status/2007933259078893920","<a href=""https://mobile.twitter.com"" rel=""nofollow"">Twitter Web App</a>","","","video","https://video.twimg.com/amplify_video/2007932301414391808/vid/avc1/1280x720/IITIO6baWVcEegbU.mp4?tag=21"
"2005657165646676264","Hell of a move on /PL... wow https://t.co/0UDNw3DEX3","en","Tweet","Bracco ⚡️","Braczyy","11515","5","4","0","57","8","2025-12-29 15:08:26","https://x.com/Braczyy/status/2005657165646676264","<a href=""https://mobile.twitter.com"" rel=""nofollow"">Twitter Web App</a>","","","photo","https://pbs.twimg.com/media/G9WGfCQWoAA8BX9.jpg"
"2005402197518168172","Sunday Scans is posted, including my parabolic short write-up on Silver. Enjoy!

https://t.co/FmrmV8KI7A https://t.co/muh0vZqvTi","en","Tweet","Bracco ⚡️","Braczyy","43397","4","4","3","47","19","2025-12-28 22:15:17","https://x.com/Braczyy/status/2005402197518168172","<a href=""https://mobile.twitter.com"" rel=""nofollow"">Twitter Web App</a>","","https://open.substack.com/pub/unchartedterritoryy/p/sunday-scans-249?r=4a386b&utm_campaign=post&utm_medium=web&showWelcomeOnShare=true","photo","https://pbs.twimg.com/media/G9SeomSWkAAJRQK.jpg"
